"Time_Iter","Outer_Iter","Inner_Iter",    "rms[Rho]"    ,    "rms[RhoU]"   ,    "rms[RhoV]"   ,    "rms[RhoE]"   ,  "Avg_Massflow"  ,    "Avg_Mach"    ,    "Avg_Temp"    ,    "Avg_Press"   ,   "Avg_Density"  ,  "Avg_Enthalpy"  ,  "Avg_NormalVel" ,   "Uniformity"   ,"Secondary_Strength","Momentum_Distortion","Secondary_Over_Uniformity",  "Avg_TotalTemp" , "Avg_TotalPress" ,  "Pressure_Drop" ,       "CD"       ,       "CL"       ,       "CSF"      ,       "CMx"      ,       "CMy"      ,       "CMz"      ,       "CFx"      ,       "CFy"      ,       "CFz"      ,      "CEff"      
          0,           0,           0,     -0.8008368061,       1.199398246,      0.7653071856,       5.391091301,                 0,                 0,                 0,                 0,                 0,                 0,                 0,                 0,                   0,                    0,                          0,                 0,                 0,                 0,                 0,                 0,                 0,                 0,                 0,                 0,                 0,                 0,                 0,                 0
          0,           0,           1,     -0.8383641759,       1.160557526,      0.7477454858,       5.353624445,                 0,                 0,                 0,                 0,                 0,                 0,                 0,                 0,                   0,                    0,                          0,                 0,                 0,                 0,                 0,                 0,                 0,                 0,                 0,                 0,                 0,                 0,                 0,                 0
          0,           0,           2,     -0.8998308019,       1.097366767,      0.7172474403,       5.292131103,                 0,                 0,                 0,                 0,                 0,                 0,                 0,                 0,                   0,                    0,                          0,                 0,                 0,                 0,                 0,                 0,                 0,                 0,                 0,                 0,                 0,                 0,                 0,                 0
          0,           0,           3,     -0.9881679438,       1.000388496,      0.6543363966,       5.203507611,                 0,                 0,                 0,                 0,                 0,                 0,                 0,                 0,                   0,                    0,                          0,                 0,                 0,                 0,                 0,                 0,                 0,                 0,                 0,                 0,                 0,                 0,                 0,                 0
          0,           0,           4,      -1.078534758,      0.8838719165,      0.5622594403,       5.112287512,                 0,                 0,                 0,                 0,                 0,                 0,                 0,                 0,                   0,                    0,                          0,                 0,                 0,                 0,                 0,                 0,                 0,                 0,                 0,                 0,                 0,                 0,                 0,                 0
          0,           0,           5,      -1.145221241,      0.7771604646,      0.4729102247,        5.04430141,                 0,                 0,                 0,                 0,                 0,                 0,                 0,                 0,                   0,                    0,                          0,                 0,                 0,                 0,                 0,                 0,                 0,                 0,                 0,                 0,                 0,                 0,                 0,                 0
          0,           0,           6,      -1.218286702,      0.6657943619,      0.3290885299,       4.970117424,                 0,                 0,                 0,                 0,                 0,                 0,                 0,                 0,                   0,                    0,                          0,                 0,                 0,                 0,                 0,                 0,                 0,                 0,                 0,                 0,                 0,                 0,                 0,                 0
          0,           0,           7,      -1.298749607,      0.5647434872,      0.2416501843,       4.890381723,                 0,                 0,                 0,                 0,                 0,                 0,                 0,                 0,                   0,                    0,                          0,                 0,                 0,                 0,                 0,                 0,                 0,                 0,                 0,                 0,                 0,                 0,                 0,                 0
          0,           0,           8,      -1.356235799,      0.4941356114,      0.2195407355,       4.835011646,                 0,                 0,                 0,                 0,                 0,                 0,                 0,                 0,                   0,                    0,                          0,                 0,                 0,                 0,                 0,                 0,                 0,                 0,                 0,                 0,                 0,                 0,                 0,                 0
          0,           0,           9,      -1.386523094,      0.4521082525,      0.1973683176,       4.804958559,                 0,                 0,                 0,                 0,                 0,                 0,                 0,                 0,                   0,                    0,                          0,                 0,                 0,                 0,                 0,                 0,                 0,                 0,                 0,                 0,                 0,                 0,                 0,                 0
          0,           0,          10,      -1.393232369,      0.4538656665,      0.1917132031,       4.797291085,                 0,                 0,                 0,                 0,                 0,                 0,                 0,                 0,                   0,                    0,                          0,                 0,                 0,                 0,                 0,                 0,                 0,                 0,                 0,                 0,                 0,                 0,                 0,                 0
          0,           0,          11,      -1.396127359,      0.4735752207,      0.1913524843,        4.79359993,                 0,                 0,                 0,                 0,                 0,                 0,                 0,                 0,                   0,                    0,                          0,                 0,                 0,                 0,                 0,                 0,                 0,                 0,                 0,                 0,                 0,                 0,                 0,                 0
          0,           0,          12,      -1.400736315,      0.4988810688,      0.1887740519,       4.788883476,                 0,                 0,                 0,                 0,                 0,                 0,                 0,                 0,                   0,                    0,                          0,                 0,                 0,                 0,                 0,                 0,                 0,                 0,                 0,                 0,                 0,                 0,                 0,                 0
          0,           0,          13,      -1.407263601,      0.5188278462,      0.1815407574,       4.782713086,                 0,                 0,                 0,                 0,                 0,                 0,                 0,                 0,                   0,                    0,                          0,                 0,                 0,                 0,                 0,                 0,                 0,                 0,                 0,                 0,                 0,                 0,                 0,                 0
          0,           0,          14,      -1.415969188,      0.5234634565,      0.1704401975,       4.774522355,                 0,                 0,                 0,                 0,                 0,                 0,                 0,                 0,                   0,                    0,                          0,                 0,                 0,                 0,                 0,                 0,                 0,                 0,                 0,                 0,                 0,                 0,                 0,                 0
          0,           0,          15,      -1.427962349,      0.5084463078,      0.1553658962,       4.763088306,                 0,                 0,                 0,                 0,                 0,                 0,                 0,                 0,                   0,                    0,                          0,                 0,                 0,                 0,                 0,                 0,                 0,                 0,                 0,                 0,                 0,                 0,                 0,                 0
          0,           0,          16,      -1.442490007,      0.4768251252,      0.1369968721,       4.749176088,                 0,                 0,                 0,                 0,                 0,                 0,                 0,                 0,                   0,                    0,                          0,                 0,                 0,                 0,                 0,                 0,                 0,                 0,                 0,                 0,                 0,                 0,                 0,                 0
          0,           0,          17,      -1.455860848,      0.4382014485,      0.1180365688,       4.736498157,                 0,                 0,                 0,                 0,                 0,                 0,                 0,                 0,                   0,                    0,                          0,                 0,                 0,                 0,                 0,                 0,                 0,                 0,                 0,                 0,                 0,                 0,                 0,                 0
          0,           0,          18,      -1.464143642,      0.4065474326,     0.09966712382,       4.729016698,                 0,                 0,                 0,                 0,                 0,                 0,                 0,                 0,                   0,                    0,                          0,                 0,                 0,                 0,                 0,                 0,                 0,                 0,                 0,                 0,                 0,                 0,                 0,                 0
          0,           0,          19,      -1.469057371,      0.3911318851,      0.0804016301,       4.725114487,                 0,                 0,                 0,                 0,                 0,                 0,                 0,                 0,                   0,                    0,                          0,                 0,                 0,                 0,                 0,                 0,                 0,                 0,                 0,                 0,                 0,                 0,                 0,                 0
          0,           0,          20,      -1.496411949,      0.3616278598,     0.06874424575,       4.698151014,                 0,                 0,                 0,                 0,                 0,                 0,                 0,                 0,                   0,                    0,                          0,                 0,                 0,                 0,                 0,                 0,                 0,                 0,                 0,                 0,                 0,                 0,                 0,                 0
          0,           0,          21,      -1.522370185,      0.3034560827,     0.06398755385,       4.671112413,                 0,                 0,                 0,                 0,                 0,                 0,                 0,                 0,                   0,                    0,                          0,                 0,                 0,                 0,                 0,                 0,                 0,                 0,                 0,                 0,                 0,                 0,                 0,                 0
          0,           0,          22,      -1.526933681,      0.2964515755,     0.04951783015,       4.666777399,                 0,                 0,                 0,                 0,                 0,                 0,                 0,                 0,                   0,                    0,                          0,                 0,                 0,                 0,                 0,                 0,                 0,                 0,                 0,                 0,                 0,                 0,                 0,                 0
          0,           0,          23,      -1.519546039,      0.3334986717,     0.01489058742,        4.67515521,                 0,                 0,                 0,                 0,                 0,                 0,                 0,                 0,                   0,                    0,                          0,                 0,                 0,                 0,                 0,                 0,                 0,                 0,                 0,                 0,                 0,                 0,                 0,                 0
          0,           0,          24,      -1.548564507,      0.3231214978,    0.001953513915,       4.646622766,                 0,                 0,                 0,                 0,                 0,                 0,                 0,                 0,                   0,                    0,                          0,                 0,                 0,                 0,                 0,                 0,                 0,                 0,                 0,                 0,                 0,                 0,                 0,                 0
          0,           0,          25,       -1.58968692,      0.2823334993,     0.01506624684,       4.604300845,                 0,                 0,                 0,                 0,                 0,                 0,                 0,                 0,                   0,                    0,                          0,                 0,                 0,                 0,                 0,                 0,                 0,                 0,                 0,                 0,                 0,                 0,                 0,                 0
          0,           0,          26,      -1.592068823,      0.2825596199,     0.03706590281,        4.59861222,                 0,                 0,                 0,                 0,                 0,                 0,                 0,                 0,                   0,                    0,                          0,                 0,                 0,                 0,                 0,                 0,                 0,                 0,                 0,                 0,                 0,                 0,                 0,                 0
          0,           0,          27,      -1.513116894,      0.3945513632,      0.1311430159,       4.670642591,                 0,                 0,                 0,                 0,                 0,                 0,                 0,                 0,                   0,                    0,                          0,                 0,                 0,                 0,                 0,                 0,                 0,                 0,                 0,                 0,                 0,                 0,                 0,                 0
          0,           0,          28,      -1.299462801,      0.6515598663,       0.360629391,        4.87455178,                 0,                 0,                 0,                 0,                 0,                 0,                 0,                 0,                   0,                    0,                          0,                 0,                 0,                 0,                 0,                 0,                 0,                 0,                 0,                 0,                 0,                 0,                 0,                 0
          0,           0,          29,     -0.9830398073,       1.001612723,      0.7121899826,       5.183176011,                 0,                 0,                 0,                 0,                 0,                 0,                 0,                 0,                   0,                    0,                          0,                 0,                 0,                 0,                 0,                 0,                 0,                 0,                 0,                 0,                 0,                 0,                 0,                 0
          0,           0,          30,      -0.822303059,        1.16870912,      0.9681807412,       5.341659664,                 0,                 0,                 0,                 0,                 0,                 0,                 0,                 0,                   0,                    0,                          0,                 0,                 0,                 0,                 0,                 0,                 0,                 0,                 0,                 0,                 0,                 0,                 0,                 0
          0,           0,          31,     -0.5989549924,       1.432044658,        1.17713577,       5.560621466,                 0,                 0,                 0,                 0,                 0,                 0,                 0,                 0,                   0,                    0,                          0,                 0,                 0,                 0,                 0,                 0,                 0,                 0,                 0,                 0,                 0,                 0,                 0,                 0
          0,           0,          32,     -0.9107504073,       1.125553768,       1.008985714,       5.256885287,                 0,                 0,                 0,                 0,                 0,                 0,                 0,                 0,                   0,                    0,                          0,                 0,                 0,                 0,                 0,                 0,                 0,                 0,                 0,                 0,                 0,                 0,                 0,                 0
          0,           0,          33,      -1.056621783,      0.9000283239,      0.8320415294,       5.104654664,                 0,                 0,                 0,                 0,                 0,                 0,                 0,                 0,                   0,                    0,                          0,                 0,                 0,                 0,                 0,                 0,                 0,                 0,                 0,                 0,                 0,                 0,                 0,                 0
          0,           0,          34,      -1.107156809,      0.8614046718,      0.6901183006,       5.059141589,                 0,                 0,                 0,                 0,                 0,                 0,                 0,                 0,                   0,                    0,                          0,                 0,                 0,                 0,                 0,                 0,                 0,                 0,                 0,                 0,                 0,                 0,                 0,                 0
          0,           0,          35,      -1.056067678,      0.9403177411,      0.6046169758,       5.099386769,                 0,                 0,                 0,                 0,                 0,                 0,                 0,                 0,                   0,                    0,                          0,                 0,                 0,                 0,                 0,                 0,                 0,                 0,                 0,                 0,                 0,                 0,                 0,                 0
          0,           0,          36,      -1.015906989,       0.978725874,      0.5499005618,       5.142139651,                 0,                 0,                 0,                 0,                 0,                 0,                 0,                 0,                   0,                    0,                          0,                 0,                 0,                 0,                 0,                 0,                 0,                 0,                 0,                 0,                 0,                 0,                 0,                 0
          0,           0,          37,     -0.8703718359,        1.12132989,      0.7215243353,       5.286091979,                 0,                 0,                 0,                 0,                 0,                 0,                 0,                 0,                   0,                    0,                          0,                 0,                 0,                 0,                 0,                 0,                 0,                 0,                 0,                 0,                 0,                 0,                 0,                 0
          0,           0,          38,     -0.6365641541,       1.363695341,       1.027403395,       5.502107406,                 0,                 0,                 0,                 0,                 0,                 0,                 0,                 0,                   0,                    0,                          0,                 0,                 0,                 0,                 0,                 0,                 0,                 0,                 0,                 0,                 0,                 0,                 0,                 0
          0,           0,          39,     -0.6472532076,       1.393757988,       1.054571177,        5.52915788,                 0,                 0,                 0,                 0,                 0,                 0,                 0,                 0,                   0,                    0,                          0,                 0,                 0,                 0,                 0,                 0,                 0,                 0,                 0,                 0,                 0,                 0,                 0,                 0
          0,           0,          40,     -0.3092436084,        1.74185691,       1.510314766,       5.824076156,                 0,                 0,                 0,                 0,                 0,                 0,                 0,                 0,                   0,                    0,                          0,                 0,                 0,                 0,                 0,                 0,                 0,                 0,                 0,                 0,                 0,                 0,                 0,                 0
          0,           0,          41,     -0.4986389215,       1.572922518,       1.268335627,        5.66638151,                 0,                 0,                 0,                 0,                 0,                 0,                 0,                 0,                   0,                    0,                          0,                 0,                 0,                 0,                 0,                 0,                 0,                 0,                 0,                 0,                 0,                 0,                 0,                 0
          0,           0,          42,     -0.6449074018,       1.383396348,       1.102482987,        5.50248068,                 0,                 0,                 0,                 0,                 0,                 0,                 0,                 0,                   0,                    0,                          0,                 0,                 0,                 0,                 0,                 0,                 0,                 0,                 0,                 0,                 0,                 0,                 0,                 0
          0,           0,          43,     -0.6941814557,       1.309123071,       1.043219114,        5.46165881,                 0,                 0,                 0,                 0,                 0,                 0,                 0,                 0,                   0,                    0,                          0,                 0,                 0,                 0,                 0,                 0,                 0,                 0,                 0,                 0,                 0,                 0,                 0,                 0
          0,           0,          44,     -0.5033622135,       1.519146773,       1.433331003,       5.674135845,                 0,                 0,                 0,                 0,                 0,                 0,                 0,                 0,                   0,                    0,                          0,                 0,                 0,                 0,                 0,                 0,                 0,                 0,                 0,                 0,                 0,                 0,                 0,                 0
          0,           0,          45,     -0.3972135286,       1.591683094,       1.425812759,       5.746887813,                 0,                 0,                 0,                 0,                 0,                 0,                 0,                 0,                   0,                    0,                          0,                 0,                 0,                 0,                 0,                 0,                 0,                 0,                 0,                 0,                 0,                 0,                 0,                 0
          0,           0,          46,      -0.371501832,       1.650586274,       1.339464882,       5.749024806,                 0,                 0,                 0,                 0,                 0,                 0,                 0,                 0,                   0,                    0,                          0,                 0,                 0,                 0,                 0,                 0,                 0,                 0,                 0,                 0,                 0,                 0,                 0,                 0
          0,           0,          47,      0.1183734922,       2.191240932,       1.987880681,       6.166985701,                 0,                 0,                 0,                 0,                 0,                 0,                 0,                 0,                   0,                    0,                          0,                 0,                 0,                 0,                 0,                 0,                 0,                 0,                 0,                 0,                 0,                 0,                 0,                 0
          0,           0,          48,    -0.08394353599,       2.022768914,       1.891388618,       6.106266825,                 0,                 0,                 0,                 0,                 0,                 0,                 0,                 0,                   0,                    0,                          0,                 0,                 0,                 0,                 0,                 0,                 0,                 0,                 0,                 0,                 0,                 0,                 0,                 0
          0,           0,          49,      0.1878514223,       2.256569057,       2.041400562,       6.261469434,                 0,                 0,                 0,                 0,                 0,                 0,                 0,                 0,                   0,                    0,                          0,                 0,                 0,                 0,                 0,                 0,                 0,                 0,                 0,                 0,                 0,                 0,                 0,                 0
          0,           0,          50,       0.252599691,       2.306095834,       2.147187723,        6.41320128,                 0,                 0,                 0,                 0,                 0,                 0,                 0,                 0,                   0,                    0,                          0,                 0,                 0,                 0,                 0,                 0,                 0,                 0,                 0,                 0,                 0,                 0,                 0,                 0
          0,           0,          51,      0.2714932169,       2.359079644,       2.148558007,       6.403738639,                 0,                 0,                 0,                 0,                 0,                 0,                 0,                 0,                   0,                    0,                          0,                 0,                 0,                 0,                 0,                 0,                 0,                 0,                 0,                 0,                 0,                 0,                 0,                 0
          0,           0,          52,      0.3394868862,       2.411074846,       2.199334197,       6.515005588,                 0,                 0,                 0,                 0,                 0,                 0,                 0,                 0,                   0,                    0,                          0,                 0,                 0,                 0,                 0,                 0,                 0,                 0,                 0,                 0,                 0,                 0,                 0,                 0
          0,           0,          53,     0.08383259936,        2.17184093,       2.022130343,       6.254784578,                 0,                 0,                 0,                 0,                 0,                 0,                 0,                 0,                   0,                    0,                          0,                 0,                 0,                 0,                 0,                 0,                 0,                 0,                 0,                 0,                 0,                 0,                 0,                 0
          0,           0,          54,    -0.07811504561,       2.027699559,       1.840166853,       6.102061936,                 0,                 0,                 0,                 0,                 0,                 0,                 0,                 0,                   0,                    0,                          0,                 0,                 0,                 0,                 0,                 0,                 0,                 0,                 0,                 0,                 0,                 0,                 0,                 0
          0,           0,          55,    -0.06523027528,       1.977180417,       1.663613711,       6.099920519,                 0,                 0,                 0,                 0,                 0,                 0,                 0,                 0,                   0,                    0,                          0,                 0,                 0,                 0,                 0,                 0,                 0,                 0,                 0,                 0,                 0,                 0,                 0,                 0
          0,           0,          56,    -0.06933539853,       1.968945514,        1.65527971,       6.094722425,                 0,                 0,                 0,                 0,                 0,                 0,                 0,                 0,                   0,                    0,                          0,                 0,                 0,                 0,                 0,                 0,                 0,                 0,                 0,                 0,                 0,                 0,                 0,                 0
          0,           0,          57,      0.2393824572,       2.227604597,       1.952148874,       6.371108006,                 0,                 0,                 0,                 0,                 0,                 0,                 0,                 0,                   0,                    0,                          0,                 0,                 0,                 0,                 0,                 0,                 0,                 0,                 0,                 0,                 0,                 0,                 0,                 0
          0,           0,          58,      0.1368364312,       2.211065405,       2.052686641,       6.283264152,                 0,                 0,                 0,                 0,                 0,                 0,                 0,                 0,                   0,                    0,                          0,                 0,                 0,                 0,                 0,                 0,                 0,                 0,                 0,                 0,                 0,                 0,                 0,                 0
          0,           0,          59,      0.1498530983,       2.218063498,       2.000332868,       6.301806512,                 0,                 0,                 0,                 0,                 0,                 0,                 0,                 0,                   0,                    0,                          0,                 0,                 0,                 0,                 0,                 0,                 0,                 0,                 0,                 0,                 0,                 0,                 0,                 0
          0,           0,          60,      0.2187329686,       2.304776299,        2.18787501,       6.313802212,                 0,                 0,                 0,                 0,                 0,                 0,                 0,                 0,                   0,                    0,                          0,                 0,                 0,                 0,                 0,                 0,                 0,                 0,                 0,                 0,                 0,                 0,                 0,                 0
          0,           0,          61,      0.4303098499,       2.512632683,       2.334071718,       6.564643876,                 0,                 0,                 0,                 0,                 0,                 0,                 0,                 0,                   0,                    0,                          0,                 0,                 0,                 0,                 0,                 0,                 0,                 0,                 0,                 0,                 0,                 0,                 0,                 0
          0,           0,          62,       0.245017545,       2.375893646,       2.270748614,       6.414287002,                 0,                 0,                 0,                 0,                 0,                 0,                 0,                 0,                   0,                    0,                          0,                 0,                 0,                 0,                 0,                 0,                 0,                 0,                 0,                 0,                 0,                 0,                 0,                 0
          0,           0,          63,      0.2126854048,       2.308803908,       2.153986676,       6.355313823,                 0,                 0,                 0,                 0,                 0,                 0,                 0,                 0,                   0,                    0,                          0,                 0,                 0,                 0,                 0,                 0,                 0,                 0,                 0,                 0,                 0,                 0,                 0,                 0
          0,           0,          64,     0.07746610947,       2.199479551,       2.002098611,       6.218689017,                 0,                 0,                 0,                 0,                 0,                 0,                 0,                 0,                   0,                    0,                          0,                 0,                 0,                 0,                 0,                 0,                 0,                 0,                 0,                 0,                 0,                 0,                 0,                 0
          0,           0,          65,    -0.07169724381,       1.984931154,       1.697312919,       6.085876405,                 0,                 0,                 0,                 0,                 0,                 0,                 0,                 0,                   0,                    0,                          0,                 0,                 0,                 0,                 0,                 0,                 0,                 0,                 0,                 0,                 0,                 0,                 0,                 0
          0,           0,          66,     -0.2608800346,       1.754417222,       1.452307984,       5.877014119,                 0,                 0,                 0,                 0,                 0,                 0,                 0,                 0,                   0,                    0,                          0,                 0,                 0,                 0,                 0,                 0,                 0,                 0,                 0,                 0,                 0,                 0,                 0,                 0
          0,           0,          67,     -0.3166039059,       1.695190438,       1.366676267,       5.841166426,                 0,                 0,                 0,                 0,                 0,                 0,                 0,                 0,                   0,                    0,                          0,                 0,                 0,                 0,                 0,                 0,                 0,                 0,                 0,                 0,                 0,                 0,                 0,                 0
          0,           0,          68,     -0.2527139419,       1.756195674,       1.424420067,       5.890081224,                 0,                 0,                 0,                 0,                 0,                 0,                 0,                 0,                   0,                    0,                          0,                 0,                 0,                 0,                 0,                 0,                 0,                 0,                 0,                 0,                 0,                 0,                 0,                 0
          0,           0,          69,     -0.3298850116,       1.668716526,       1.437959731,       5.820448884,                 0,                 0,                 0,                 0,                 0,                 0,                 0,                 0,                   0,                    0,                          0,                 0,                 0,                 0,                 0,                 0,                 0,                 0,                 0,                 0,                 0,                 0,                 0,                 0
          0,           0,          70,     0.09952324715,       2.120819911,       1.824848256,       6.201722919,                 0,                 0,                 0,                 0,                 0,                 0,                 0,                 0,                   0,                    0,                          0,                 0,                 0,                 0,                 0,                 0,                 0,                 0,                 0,                 0,                 0,                 0,                 0,                 0
          0,           0,          71,      0.3280166071,       2.334220611,       2.020686319,       6.487450803,                 0,                 0,                 0,                 0,                 0,                 0,                 0,                 0,                   0,                    0,                          0,                 0,                 0,                 0,                 0,                 0,                 0,                 0,                 0,                 0,                 0,                 0,                 0,                 0
          0,           0,          72,        0.38974602,       2.452244728,        2.27061468,       6.476400996,                 0,                 0,                 0,                 0,                 0,                 0,                 0,                 0,                   0,                    0,                          0,                 0,                 0,                 0,                 0,                 0,                 0,                 0,                 0,                 0,                 0,                 0,                 0,                 0
          0,           0,          73,      0.4271540884,        2.47426915,       2.334217526,       6.538026492,                 0,                 0,                 0,                 0,                 0,                 0,                 0,                 0,                   0,                    0,                          0,                 0,                 0,                 0,                 0,                 0,                 0,                 0,                 0,                 0,                 0,                 0,                 0,                 0
          0,           0,          74,      0.4052274356,       2.360597955,       2.123462781,        6.55574637,                 0,                 0,                 0,                 0,                 0,                 0,                 0,                 0,                   0,                    0,                          0,                 0,                 0,                 0,                 0,                 0,                 0,                 0,                 0,                 0,                 0,                 0,                 0,                 0
          0,           0,          75,      0.3848040592,       2.311613504,       2.189068726,       6.559723942,                 0,                 0,                 0,                 0,                 0,                 0,                 0,                 0,                   0,                    0,                          0,                 0,                 0,                 0,                 0,                 0,                 0,                 0,                 0,                 0,                 0,                 0,                 0,                 0
          0,           0,          76,      0.4341207378,       2.401770031,       2.221149879,       6.609091367,                 0,                 0,                 0,                 0,                 0,                 0,                 0,                 0,                   0,                    0,                          0,                 0,                 0,                 0,                 0,                 0,                 0,                 0,                 0,                 0,                 0,                 0,                 0,                 0
          0,           0,          77,        0.41078791,       2.390571823,       2.263674986,        6.58200198,                 0,                 0,                 0,                 0,                 0,                 0,                 0,                 0,                   0,                    0,                          0,                 0,                 0,                 0,                 0,                 0,                 0,                 0,                 0,                 0,                 0,                 0,                 0,                 0
          0,           0,          78,      0.3915546996,       2.387583222,       2.276233095,       6.582883824,                 0,                 0,                 0,                 0,                 0,                 0,                 0,                 0,                   0,                    0,                          0,                 0,                 0,                 0,                 0,                 0,                 0,                 0,                 0,                 0,                 0,                 0,                 0,                 0
          0,           0,          79,      0.3547216463,       2.430330041,       2.364951524,       6.517164243,                 0,                 0,                 0,                 0,                 0,                 0,                 0,                 0,                   0,                    0,                          0,                 0,                 0,                 0,                 0,                 0,                 0,                 0,                 0,                 0,                 0,                 0,                 0,                 0
          0,           0,          80,      0.3943293204,       2.496830369,       2.421562773,        6.58657063,                 0,                 0,                 0,                 0,                 0,                 0,                 0,                 0,                   0,                    0,                          0,                 0,                 0,                 0,                 0,                 0,                 0,                 0,                 0,                 0,                 0,                 0,                 0,                 0
          0,           0,          81,      0.4957861783,       2.455142082,       2.402895017,       6.677587898,                 0,                 0,                 0,                 0,                 0,                 0,                 0,                 0,                   0,                    0,                          0,                 0,                 0,                 0,                 0,                 0,                 0,                 0,                 0,                 0,                 0,                 0,                 0,                 0
          0,           0,          82,      0.6620693444,       2.613116138,       2.713016819,       6.834998126,                 0,                 0,                 0,                 0,                 0,                 0,                 0,                 0,                   0,                    0,                          0,                 0,                 0,                 0,                 0,                 0,                 0,                 0,                 0,                 0,                 0,                 0,                 0,                 0
          0,           0,          83,      0.6571060581,       2.665904779,       2.754054806,       6.832377162,                 0,                 0,                 0,                 0,                 0,                 0,                 0,                 0,                   0,                    0,                          0,                 0,                 0,                 0,                 0,                 0,                 0,                 0,                 0,                 0,                 0,                 0,                 0,                 0
          0,           0,          84,      0.6234548369,       2.612934292,       2.595642608,       6.777897882,                 0,                 0,                 0,                 0,                 0,                 0,                 0,                 0,                   0,                    0,                          0,                 0,                 0,                 0,                 0,                 0,                 0,                 0,                 0,                 0,                 0,                 0,                 0,                 0
          0,           0,          85,      0.6581853308,       2.780364382,       2.789201334,        6.88586248,                 0,                 0,                 0,                 0,                 0,                 0,                 0,                 0,                   0,                    0,                          0,                 0,                 0,                 0,                 0,                 0,                 0,                 0,                 0,                 0,                 0,                 0,                 0,                 0
          0,           0,          86,      0.5657327654,        2.70934771,       2.685421267,       6.755895654,                 0,                 0,                 0,                 0,                 0,                 0,                 0,                 0,                   0,                    0,                          0,                 0,                 0,                 0,                 0,                 0,                 0,                 0,                 0,                 0,                 0,                 0,                 0,                 0
          0,           0,          87,      0.3545078032,       2.483293368,       2.460438941,       6.524489512,                 0,                 0,                 0,                 0,                 0,                 0,                 0,                 0,                   0,                    0,                          0,                 0,                 0,                 0,                 0,                 0,                 0,                 0,                 0,                 0,                 0,                 0,                 0,                 0
          0,           0,          88,      0.2386521099,       2.280545127,       2.212763976,       6.381321845,                 0,                 0,                 0,                 0,                 0,                 0,                 0,                 0,                   0,                    0,                          0,                 0,                 0,                 0,                 0,                 0,                 0,                 0,                 0,                 0,                 0,                 0,                 0,                 0
          0,           0,          89,       0.125689862,       2.151966564,       1.998878211,       6.280046377,                 0,                 0,                 0,                 0,                 0,                 0,                 0,                 0,                   0,                    0,                          0,                 0,                 0,                 0,                 0,                 0,                 0,                 0,                 0,                 0,                 0,                 0,                 0,                 0
          0,           0,          90,      0.1426298413,       2.181584219,       1.973542206,       6.272828101,                 0,                 0,                 0,                 0,                 0,                 0,                 0,                 0,                   0,                    0,                          0,                 0,                 0,                 0,                 0,                 0,                 0,                 0,                 0,                 0,                 0,                 0,                 0,                 0
          0,           0,          91,     0.05639232857,       2.076853207,        1.85962022,       6.212161394,                 0,                 0,                 0,                 0,                 0,                 0,                 0,                 0,                   0,                    0,                          0,                 0,                 0,                 0,                 0,                 0,                 0,                 0,                 0,                 0,                 0,                 0,                 0,                 0
          0,           0,          92,      0.1119177867,       2.131194962,       1.908052418,       6.260939728,                 0,                 0,                 0,                 0,                 0,                 0,                 0,                 0,                   0,                    0,                          0,                 0,                 0,                 0,                 0,                 0,                 0,                 0,                 0,                 0,                 0,                 0,                 0,                 0
          0,           0,          93,      0.0693152523,       2.018361951,       1.739454269,       6.231813422,                 0,                 0,                 0,                 0,                 0,                 0,                 0,                 0,                   0,                    0,                          0,                 0,                 0,                 0,                 0,                 0,                 0,                 0,                 0,                 0,                 0,                 0,                 0,                 0
          0,           0,          94,     0.09050817003,       2.096660634,       1.898066882,       6.257433929,                 0,                 0,                 0,                 0,                 0,                 0,                 0,                 0,                   0,                    0,                          0,                 0,                 0,                 0,                 0,                 0,                 0,                 0,                 0,                 0,                 0,                 0,                 0,                 0
          0,           0,          95,     -0.0162801173,       2.017031775,       1.793953071,       6.131536374,                 0,                 0,                 0,                 0,                 0,                 0,                 0,                 0,                   0,                    0,                          0,                 0,                 0,                 0,                 0,                 0,                 0,                 0,                 0,                 0,                 0,                 0,                 0,                 0
          0,           0,          96,     -0.0979532167,       1.926780676,       1.770712088,       6.031420506,                 0,                 0,                 0,                 0,                 0,                 0,                 0,                 0,                   0,                    0,                          0,                 0,                 0,                 0,                 0,                 0,                 0,                 0,                 0,                 0,                 0,                 0,                 0,                 0
          0,           0,          97,      0.2134038177,       2.292885795,       2.066049793,       6.320526107,                 0,                 0,                 0,                 0,                 0,                 0,                 0,                 0,                   0,                    0,                          0,                 0,                 0,                 0,                 0,                 0,                 0,                 0,                 0,                 0,                 0,                 0,                 0,                 0
          0,           0,          98,      0.5044541167,       2.595147161,       2.426343896,       6.547805088,                 0,                 0,                 0,                 0,                 0,                 0,                 0,                 0,                   0,                    0,                          0,                 0,                 0,                 0,                 0,                 0,                 0,                 0,                 0,                 0,                 0,                 0,                 0,                 0
          0,           0,          99,      0.4201429904,       2.518504294,       2.340825053,       6.532684688,                 0,                 0,                 0,                 0,                 0,                 0,                 0,                 0,                   0,                    0,                          0,                 0,                 0,                 0,                 0,                 0,                 0,                 0,                 0,                 0,                 0,                 0,                 0,                 0
          0,           0,         100,      0.4249165419,       2.440989764,       2.257437136,       6.635294107,                 0,                 0,                 0,                 0,                 0,                 0,                 0,                 0,                   0,                    0,                          0,                 0,                 0,                 0,                 0,                 0,                 0,                 0,                 0,                 0,                 0,                 0,                 0,                 0
          0,           0,         101,      0.5563376869,       2.581470799,       2.415551202,       6.696647824,                 0,                 0,                 0,                 0,                 0,                 0,                 0,                 0,                   0,                    0,                          0,                 0,                 0,                 0,                 0,                 0,                 0,                 0,                 0,                 0,                 0,                 0,                 0,                 0
          0,           0,         102,      0.4983956171,       2.602362242,       2.492955001,       6.644760317,                 0,                 0,                 0,                 0,                 0,                 0,                 0,                 0,                   0,                    0,                          0,                 0,                 0,                 0,                 0,                 0,                 0,                 0,                 0,                 0,                 0,                 0,                 0,                 0
          0,           0,         103,      0.4995173206,       2.583492971,       2.428187319,        6.61428926,                 0,                 0,                 0,                 0,                 0,                 0,                 0,                 0,                   0,                    0,                          0,                 0,                 0,                 0,                 0,                 0,                 0,                 0,                 0,                 0,                 0,                 0,                 0,                 0
          0,           0,         104,      0.4889115765,       2.570081905,        2.55040895,       6.643082732,                 0,                 0,                 0,                 0,                 0,                 0,                 0,                 0,                   0,                    0,                          0,                 0,                 0,                 0,                 0,                 0,                 0,                 0,                 0,                 0,                 0,                 0,                 0,                 0
          0,           0,         105,      0.3009009485,       2.372942095,       2.333575989,       6.452226979,                 0,                 0,                 0,                 0,                 0,                 0,                 0,                 0,                   0,                    0,                          0,                 0,                 0,                 0,                 0,                 0,                 0,                 0,                 0,                 0,                 0,                 0,                 0,                 0
          0,           0,         106,      0.2534069729,       2.292971891,       2.146818664,       6.420248517,                 0,                 0,                 0,                 0,                 0,                 0,                 0,                 0,                   0,                    0,                          0,                 0,                 0,                 0,                 0,                 0,                 0,                 0,                 0,                 0,                 0,                 0,                 0,                 0
          0,           0,         107,      0.2309412294,       2.288803645,       2.133139474,       6.392146519,                 0,                 0,                 0,                 0,                 0,                 0,                 0,                 0,                   0,                    0,                          0,                 0,                 0,                 0,                 0,                 0,                 0,                 0,                 0,                 0,                 0,                 0,                 0,                 0
          0,           0,         108,      0.2864992972,       2.359622828,       2.233764614,        6.44586202,                 0,                 0,                 0,                 0,                 0,                 0,                 0,                 0,                   0,                    0,                          0,                 0,                 0,                 0,                 0,                 0,                 0,                 0,                 0,                 0,                 0,                 0,                 0,                 0
          0,           0,         109,      0.4047412087,       2.428028888,       2.179348287,       6.551060379,                 0,                 0,                 0,                 0,                 0,                 0,                 0,                 0,                   0,                    0,                          0,                 0,                 0,                 0,                 0,                 0,                 0,                 0,                 0,                 0,                 0,                 0,                 0,                 0
          0,           0,         110,       0.600041269,       2.591326381,       2.301237053,       6.763576402,                 0,                 0,                 0,                 0,                 0,                 0,                 0,                 0,                   0,                    0,                          0,                 0,                 0,                 0,                 0,                 0,                 0,                 0,                 0,                 0,                 0,                 0,                 0,                 0
          0,           0,         111,      0.8342710575,       2.710296135,       2.627353659,       7.008047141,                 0,                 0,                 0,                 0,                 0,                 0,                 0,                 0,                   0,                    0,                          0,                 0,                 0,                 0,                 0,                 0,                 0,                 0,                 0,                 0,                 0,                 0,                 0,                 0
          0,           0,         112,        1.06599753,         2.8567719,       2.797345512,       7.225566306,                 0,                 0,                 0,                 0,                 0,                 0,                 0,                 0,                   0,                    0,                          0,                 0,                 0,                 0,                 0,                 0,                 0,                 0,                 0,                 0,                 0,                 0,                 0,                 0
          0,           0,         113,       1.366493897,       2.878727314,       3.452645379,       7.517365908,                 0,                 0,                 0,                 0,                 0,                 0,                 0,                 0,                   0,                    0,                          0,                 0,                 0,                 0,                 0,                 0,                 0,                 0,                 0,                 0,                 0,                 0,                 0,                 0
          0,           0,         114,       1.839177676,        3.69595941,       4.236715636,       7.936942061,                 0,                 0,                 0,                 0,                 0,                 0,                 0,                 0,                   0,                    0,                          0,                 0,                 0,                 0,                 0,                 0,                 0,                 0,                 0,                 0,                 0,                 0,                 0,                 0
          0,           0,         115,        1.95714597,        3.64458813,       4.226669724,       7.982913114,                 0,                 0,                 0,                 0,                 0,                 0,                 0,                 0,                   0,                    0,                          0,                 0,                 0,                 0,                 0,                 0,                 0,                 0,                 0,                 0,                 0,                 0,                 0,                 0
          0,           0,         116,       2.010377816,       4.014322786,       4.281391976,       8.116577319,                 0,                 0,                 0,                 0,                 0,                 0,                 0,                 0,                   0,                    0,                          0,                 0,                 0,                 0,                 0,                 0,                 0,                 0,                 0,                 0,                 0,                 0,                 0,                 0
          0,           0,         117,       1.592527321,         3.7480468,       3.780136367,       7.796513571,                 0,                 0,                 0,                 0,                 0,                 0,                 0,                 0,                   0,                    0,                          0,                 0,                 0,                 0,                 0,                 0,                 0,                 0,                 0,                 0,                 0,                 0,                 0,                 0
          0,           0,         118,       1.466857409,       3.704037716,        3.72953837,       7.717201111,                 0,                 0,                 0,                 0,                 0,                 0,                 0,                 0,                   0,                    0,                          0,                 0,                 0,                 0,                 0,                 0,                 0,                 0,                 0,                 0,                 0,                 0,                 0,                 0
          0,           0,         119,       1.315582938,       3.488360819,       3.494513073,       7.557930314,                 0,                 0,                 0,                 0,                 0,                 0,                 0,                 0,                   0,                    0,                          0,                 0,                 0,                 0,                 0,                 0,                 0,                 0,                 0,                 0,                 0,                 0,                 0,                 0
          0,           0,         120,       1.191100533,       3.321237174,       3.276865542,       7.407707229,                 0,                 0,                 0,                 0,                 0,                 0,                 0,                 0,                   0,                    0,                          0,                 0,                 0,                 0,                 0,                 0,                 0,                 0,                 0,                 0,                 0,                 0,                 0,                 0
          0,           0,         121,       1.180164536,        3.26322998,       3.117806117,       7.373097068,                 0,                 0,                 0,                 0,                 0,                 0,                 0,                 0,                   0,                    0,                          0,                 0,                 0,                 0,                 0,                 0,                 0,                 0,                 0,                 0,                 0,                 0,                 0,                 0
          0,           0,         122,       1.079534253,       3.175204303,       2.988487256,       7.268044539,                 0,                 0,                 0,                 0,                 0,                 0,                 0,                 0,                   0,                    0,                          0,                 0,                 0,                 0,                 0,                 0,                 0,                 0,                 0,                 0,                 0,                 0,                 0,                 0
          0,           0,         123,      0.9029295935,       2.979931819,       2.788146249,       7.085768801,                 0,                 0,                 0,                 0,                 0,                 0,                 0,                 0,                   0,                    0,                          0,                 0,                 0,                 0,                 0,                 0,                 0,                 0,                 0,                 0,                 0,                 0,                 0,                 0
          0,           0,         124,      0.7275760387,       2.832366525,       2.602033526,       6.901838941,                 0,                 0,                 0,                 0,                 0,                 0,                 0,                 0,                   0,                    0,                          0,                 0,                 0,                 0,                 0,                 0,                 0,                 0,                 0,                 0,                 0,                 0,                 0,                 0
          0,           0,         125,      0.7483514172,       2.926239771,       2.524975721,       6.924746317,                 0,                 0,                 0,                 0,                 0,                 0,                 0,                 0,                   0,                    0,                          0,                 0,                 0,                 0,                 0,                 0,                 0,                 0,                 0,                 0,                 0,                 0,                 0,                 0
          0,           0,         126,      0.7755714869,       2.950814686,        2.81940656,       6.952625877,                 0,                 0,                 0,                 0,                 0,                 0,                 0,                 0,                   0,                    0,                          0,                 0,                 0,                 0,                 0,                 0,                 0,                 0,                 0,                 0,                 0,                 0,                 0,                 0
          0,           0,         127,      0.7076167125,       2.868915094,       2.603056377,       6.877014568,                 0,                 0,                 0,                 0,                 0,                 0,                 0,                 0,                   0,                    0,                          0,                 0,                 0,                 0,                 0,                 0,                 0,                 0,                 0,                 0,                 0,                 0,                 0,                 0
          0,           0,         128,      0.6108298262,       3.478000151,       2.726307454,       6.778806105,                 0,                 0,                 0,                 0,                 0,                 0,                 0,                 0,                   0,                    0,                          0,                 0,                 0,                 0,                 0,                 0,                 0,                 0,                 0,                 0,                 0,                 0,                 0,                 0
          0,           0,         129,       1.162323858,       3.469534975,       3.065617379,        7.35444202,                 0,                 0,                 0,                 0,                 0,                 0,                 0,                 0,                   0,                    0,                          0,                 0,                 0,                 0,                 0,                 0,                 0,                 0,                 0,                 0,                 0,                 0,                 0,                 0
          0,           0,         130,        1.26877819,       3.398614964,       3.270350867,       7.465969958,                 0,                 0,                 0,                 0,                 0,                 0,                 0,                 0,                   0,                    0,                          0,                 0,                 0,                 0,                 0,                 0,                 0,                 0,                 0,                 0,                 0,                 0,                 0,                 0
